Station Name,ID
Casey's General Store,28
U-Haul,18
Menards,16
Shell,16
BP,9
Meijer - Tesla Supercharger,9
Thorntons,9
Murphy Express,8
Forest Preserve District of DuPage County,7
Whole Foods Market,6
Hicksgas,6
Walgreens,5
Naval Station Great Lakes,4
Murphy USA,4
7-Eleven,4
Berman Nissan - Chicago,4
Route 66 Food N' Fuel,3
Target - Tesla Supercharger,3
Argonne National Laboratory,3
Citgo,3
Thorntons #115,2
Raceco,2
Orland Park Nissan,2
Ozinga Energy - Lumber St,2
Trillium,2
Town of Dyer - Town Hall,2
Woodfield Nissan,2
Power Energy,2
Thorntons #319,2
Nissan of St Charles,2
Southlake Nissan,2
Speedway #7459,2
Star Nissan,2
Thorntons #139,2
Thorntons #119,2
The Autobarn Nissan,2
Thomas Nissan - Joilet,2
Village of Downers Grove,2
1 E 8th St. Garage,2
Nissan of South Holland,2
Napleton Nissan - Schererville,2
Al Piemonte Nissan,2
AmeriGas,2
Arlington Nissan,2
Baker Hill,2
Bill Kay's Nissan - Downers Grove,2
Bill's Pizza & Pub - Tesla Destination,2
Bob Rohrman Nissan,2
Chicago Ridge Mall,2
City of Chicago FS#9,2
Continental Nissan,2
Flying J,2
Gerald Nissan,2
Gerald Nissan - North Aurora,2
Glendale Nissan,2
Hawkinson Nissan,2
Jim M'Lady Nissan,2
Kelly Nissan,2
Kwik Trip #686,2
Liberty Nissan,2
Marathon,2
Martin Nissan,2
McGrath Nissan,2
NOW Foods,2
Zeigler Nissan,2
